CASA,TENIS (si/no),DEEP LINK,ABRE SIN LOGIN,EVENTO CORRECTO,COBERTURA ATP,COBERTURA WTA,COBERTURA CHALLENGER,COBERTURA WTA125,COBERTURA ITF HOMBRES,COBERTURA ITF MUJERES,VIA LIMPIA (fuente/metodo),ESTADO PROPUESTO,NOTAS
BetPlay,,,,,,,,,,,OddsPapi (Kambi),TESTING,"Enlace propio tienda.betplay.com.co. 8/12 partidos en la prueba del 29/09 (ATP, Challenger, ITF, UTR H). Evento correcto comprobado 1 vez."
Betano,,,,,,,,,,,,PROVIDER_PENDING,"OddsPapi solo da ro.betano.com: probar si el id sirve en betano.com.co."
Wplay,,,,,,,,,,,,PROVIDER_PENDING,"No está en OddsPapi. Buscador de la casa."
Betsson,,,,,,,,,,,,PROVIDER_PENDING,"OddsPapi da un enlace roto. Buscador de la casa."
Codere,,,,,,,,,,,,PROVIDER_PENDING,"OddsPapi solo trae codere.es (4/12). Buscador de la casa."
Luckia,,,,,,,,,,,,PROVIDER_PENDING,"No está en OddsPapi. Buscador de la casa."
Rushbet,,,,,,,,,,,OddsPapi (Kambi),TESTING,"Enlace propio www.rushbet.co; mismo id de evento que BetPlay. 8/12."
YaJuego,,,,,,,,,,,,PROVIDER_PENDING,"No está en OddsPapi. Buscador de la casa."
Bwin,,,,,,,,,,,,PROVIDER_PENDING,"OddsPapi solo da sports.bwin.com: probar el id en la web de Colombia."
Rivalo,,,,,,,,,,,,PROVIDER_PENDING,"No está en OddsPapi. Buscador de la casa."
Sportium,,,,,,,,,,,,PROVIDER_PENDING,"No está en OddsPapi. Buscador de la casa."
Zamba,,,,,,,,,,,,PROVIDER_PENDING,"No está en OddsPapi. Buscador de la casa."
Stake,,,,,,,,,,,,PROVIDER_PENDING,"OddsPapi solo trae stake.com (4/12). Buscador de la casa."
Bingo Casino,,,,,,,,,,,,PROVIDER_PENDING,"No está en OddsPapi. Buscador de la casa."
Mr. Yoker,,,,,,,,,,,,PROVIDER_PENDING,"No está en OddsPapi. Buscador de la casa."
